step,type,amount,nameOrig,nameDest,isFraud,isHighRiskType,origBecameZero
21,TRANSFER,2242270.73,C1269772196,C648358342,0,1,0
164,PAYMENT,17255.94,C893570001,M995701152,0,0,1
393,CASH_OUT,292794.68,C517617379,C1124465586,0,1,1
185,CASH_OUT,243492.7,C1127876077,C514188366,0,1,1
15,PAYMENT,7364.48,C918148193,M1228338495,0,0,0
542,CASH_IN,64664.14,C1490313129,C1995309847,0,0,0
592,PAYMENT,5186.74,C1934617447,M1580167104,0,0,0
12,TRANSFER,532662.99,C660368678,C1380789797,0,1,1
380,PAYMENT,3612.37,C3825051,M1913831284,0,0,0
503,CASH_OUT,495001.15,C235675133,C188995477,0,1,0
355,PAYMENT,5758.86,C670367465,M152409740,0,0,0
38,PAYMENT,21068.11,C1486613423,M1258196926,0,0,0
691,CASH_OUT,27252.29,C1474001830,C461668428,0,1,1
253,CASH_IN,201730.52,C967434152,C201696824,0,0,0
187,PAYMENT,2487.63,C1222794200,M725442332,0,0,0
381,PAYMENT,6519.23,C1599354184,M2039588891,0,0,0
259,PAYMENT,7932.63,C1396471190,M1618070136,0,0,1
300,CASH_OUT,21884.06,C1927762910,C1476979749,0,1,0
684,PAYMENT,4048.38,C730181833,M1230723935,0,0,0
398,PAYMENT,12529.98,C1048794766,M664921267,0,0,0
18,CASH_IN,121258.58,C536137338,C1003435655,0,0,0
203,CASH_OUT,553678.63,C1363728454,C1855648568,0,1,1
142,PAYMENT,9963.68,C1760106512,M1731170729,0,0,0
331,TRANSFER,1431703.23,C508593980,C1209264828,0,1,0
140,CASH_IN,59556.99,C1559705647,C1028606906,0,0,0
323,CASH_OUT,146262.05,C100981798,C21226220,0,1,1
154,CASH_OUT,265558.93,C711979066,C1193128435,0,1,0
399,CASH_OUT,12681.47,C749349272,C1494524803,0,1,0
134,CASH_OUT,226929.89,C210144151,C112121302,0,1,0
161,CASH_OUT,85385.75,C2105393941,C1181599660,0,1,0
21,CASH_IN,131127.1,C637052523,C1013875739,0,0,0
396,PAYMENT,24204.19,C1696842944,M1930443036,0,0,1
354,CASH_IN,124037.18,C1774793863,C1610639935,0,0,0
398,CASH_OUT,18160.8,C797859479,C1289283143,0,1,0
133,CASH_OUT,618524.11,C1608647196,C280663936,0,1,1
186,PAYMENT,1901.09,C626646266,M132914736,0,0,0
298,CASH_OUT,565540.25,C1620691258,C575039630,0,1,1
595,CASH_OUT,94143.32,C636245936,C2010885634,0,1,1
43,CASH_IN,202218.9,C1880420225,C32314434,0,0,0
276,CASH_OUT,201209.7,C1448161424,C1576838763,0,1,1
331,PAYMENT,36318.68,C1072853949,M837539976,0,0,1
303,PAYMENT,33169.81,C1622312426,M954819521,0,0,1
301,CASH_IN,301569.89,C541662448,C225852166,0,0,0
300,CASH_OUT,386530.93,C36174608,C949439256,0,1,0
322,CASH_OUT,283355.21,C918181779,C634396851,0,1,0
306,CASH_IN,42699.7,C795876147,C166083991,0,0,0
227,CASH_IN,169359.36,C1545271980,C2134887818,0,0,0
394,TRANSFER,1458579.91,C12537602,C1946681285,0,1,1
376,PAYMENT,25540.99,C489827268,M812516557,0,0,0
185,PAYMENT,3758.78,C893520766,M1692651056,0,0,0
39,CASH_OUT,52887.23,C620737721,C1906304541,0,1,0
355,CASH_OUT,55951.05,C620715102,C1998170603,0,1,0
278,CASH_OUT,284232.5,C228000074,C581040933,0,1,1
300,PAYMENT,18626.12,C1759022021,M1230214894,0,0,0
254,CASH_OUT,498372.29,C1262778935,C1557465471,0,1,1
286,CASH_OUT,19707.98,C1129857075,C453018164,0,1,1
44,CASH_OUT,85924.93,C409246022,C1094031355,0,1,1
285,TRANSFER,10018.69,C2020802705,C178749064,0,1,0
210,CASH_IN,584545.41,C752426020,C182581420,0,0,0
258,CASH_OUT,504350.86,C145350447,C332002130,0,1,0
378,CASH_IN,47069.8,C789274710,C268693534,0,0,0
492,TRANSFER,1387254.17,C387454487,C473715888,0,1,0
402,TRANSFER,465181.49,C1273769342,C440739795,0,1,0
16,PAYMENT,28129.81,C1713293249,M45048004,0,0,0
184,PAYMENT,9533.25,C1923982670,M1651902814,0,0,0
161,CASH_OUT,60563.2,C579266092,C682156667,0,1,0
574,PAYMENT,11875.05,C125809379,M257579755,0,0,0
163,CASH_IN,251888.87,C826847838,C830754662,0,0,0
332,PAYMENT,32223.57,C1634864024,M2127839186,0,0,0
187,PAYMENT,9218.33,C399125669,M363866451,0,0,0
469,PAYMENT,28969.88,C926924320,M2001988503,0,0,0
40,PAYMENT,1740.91,C35668125,M1343176765,0,0,0
130,PAYMENT,16555.7,C1478934110,M822824030,0,0,0
375,CASH_IN,73103.74,C1800316926,C789496376,0,0,0
38,CASH_IN,154727.69,C76219373,C1184531001,0,0,0
330,CASH_OUT,32348.68,C720923151,C1759913080,0,1,0
263,CASH_IN,157855.48,C237374564,C200227681,0,0,0
190,CASH_IN,90615.54,C365862363,C645666659,0,0,0
139,CASH_IN,375195.37,C196545647,C1148047808,0,0,0
208,PAYMENT,7661.59,C987247091,M1900239053,0,0,1
155,CASH_IN,231161.55,C805279130,C1796908957,0,0,0
229,PAYMENT,10805.25,C822393963,M92940806,0,0,0
42,PAYMENT,27792.13,C1226640186,M1324514851,0,0,0
184,CASH_OUT,143050.78,C994496841,C1947573996,0,1,0
398,CASH_OUT,82888.97,C1443992572,C729628995,0,1,1
135,CASH_IN,110520.42,C606856844,C1799942601,0,0,0
18,PAYMENT,5309.76,C1882578811,M785012293,0,0,0
225,CASH_OUT,238493.71,C154214910,C679717764,0,1,1
33,PAYMENT,21881.3,C920542492,M2004648477,0,0,0
565,PAYMENT,18323.28,C307450631,M1664218886,0,0,1
687,PAYMENT,5602.96,C802811417,M1439684739,0,0,0
21,TRANSFER,320814.38,C1523177977,C1312773740,0,1,0
378,CASH_IN,271738.06,C1055218030,C369547511,0,0,0
129,CASH_OUT,436309.49,C1528131672,C1259309133,0,1,1
20,TRANSFER,795079.16,C2081277321,C1698998407,0,1,0
377,PAYMENT,9987.2,C279556306,M380700876,0,0,1
261,CASH_OUT,57836.89,C609411004,C132965562,0,1,0
188,CASH_OUT,104003.0,C650175523,C685559667,0,1,0
181,CASH_IN,236230.22,C412491211,C732593354,0,0,0
303,CASH_IN,170932.43,C1911004287,C301243281,0,0,0
203,CASH_IN,499504.79,C1363368380,C466363526,0,0,0
212,PAYMENT,6644.09,C965979399,M1030220465,0,0,0
209,PAYMENT,4594.09,C913913338,M1981641236,0,0,1
137,CASH_OUT,330215.61,C1882233069,C290382562,0,1,1
361,PAYMENT,5763.75,C1772997407,M480277016,0,0,0
159,CASH_OUT,23787.54,C17204318,C507233296,0,1,0
297,PAYMENT,5006.2,C1861602723,M499172698,0,0,0
138,PAYMENT,32743.68,C1316651742,M1771638518,0,0,1
209,CASH_OUT,309738.51,C522462319,C1851739523,0,1,1
42,PAYMENT,4943.49,C1801041836,M1133273518,0,0,0
183,TRANSFER,1339857.84,C212739567,C754124012,0,1,0
540,CASH_OUT,317357.92,C95970661,C1114106249,0,1,0
35,CASH_OUT,175065.78,C353976532,C443821355,0,1,1
401,CASH_OUT,99279.84,C413881586,C1073986101,0,1,1
251,CASH_OUT,174260.04,C1272040551,C985151421,0,1,0
370,PAYMENT,10986.76,C1267424578,M116497394,0,0,0
334,TRANSFER,2113485.16,C1682759421,C1453434764,0,1,0
396,CASH_OUT,84438.48,C1252297974,C1000574865,0,1,0
44,CASH_OUT,46037.46,C1037173234,C1691452788,0,1,0
239,CASH_OUT,54947.07,C71349461,C1159010125,0,1,0
403,PAYMENT,73318.59,C1112863890,M243152130,0,0,0
137,CASH_IN,113233.35,C915908773,C1963735894,0,0,0
96,CASH_IN,143704.82,C1499666204,C871729074,0,0,0
211,CASH_IN,249893.27,C788626549,C652644137,0,0,0
185,CASH_OUT,154112.76,C89159507,C588677963,0,1,0
154,CASH_OUT,168426.67,C1890581456,C423885500,0,1,1
253,TRANSFER,174750.65,C1940554347,C1159925126,0,1,0
351,CASH_IN,439576.97,C727479654,C1755660204,0,0,0
284,TRANSFER,1282723.73,C1516227257,C2139715518,0,1,0
644,CASH_OUT,347366.5,C891583066,C364377175,0,1,0
355,CASH_OUT,108417.23,C902211614,C1839367745,0,1,1
184,CASH_IN,380643.69,C1495124760,C333513938,0,0,0
570,PAYMENT,9734.71,C1560889028,M1876626886,0,0,0
544,PAYMENT,19613.71,C245331386,M1674002672,0,0,0
253,PAYMENT,12899.05,C926023837,M1159620199,0,0,0
404,TRANSFER,76850.01,C1043774776,C1577559326,0,1,0
328,CASH_OUT,102204.54,C321577800,C528382365,0,1,0
34,CASH_IN,104891.74,C1244304209,C328818786,0,0,0
354,CASH_IN,169514.82,C700627124,C1056422697,0,0,0
251,PAYMENT,11868.38,C1182289106,M866219336,0,0,0
215,PAYMENT,13733.6,C722384968,M1139108885,0,0,0
309,CASH_OUT,118498.98,C1996154323,C140684437,0,1,0
187,PAYMENT,8409.22,C1028109683,M477230577,0,0,0
307,CASH_OUT,243601.63,C2017001340,C1249732205,0,1,0
330,CASH_IN,210718.06,C608523584,C1781083319,0,0,0
186,PAYMENT,16067.54,C512820930,M1892135669,0,0,1
40,CASH_OUT,218777.74,C922104230,C1181818998,0,1,0
596,PAYMENT,12362.41,C675501030,M1974944205,0,0,0
17,CASH_IN,193748.67,C1249530185,C140613539,0,0,0
302,PAYMENT,11994.28,C1280233569,M2048739228,0,0,0
548,PAYMENT,7743.53,C1860348532,M2035530022,0,0,0
394,CASH_IN,193344.98,C1645240085,C1524122920,0,0,0
380,PAYMENT,1700.11,C946854860,M48649984,0,0,1
304,PAYMENT,17810.58,C443757954,M1523705674,0,0,1
300,TRANSFER,9327439.47,C638027021,C1536901047,0,1,0
228,CASH_OUT,115019.35,C646682387,C214549372,0,1,1
259,TRANSFER,169956.58,C1356881274,C1891178475,0,1,0
403,PAYMENT,20340.08,C800997680,M373928812,0,0,0
422,CASH_OUT,95100.2,C840076730,C2050136069,0,1,1
201,CASH_OUT,97671.98,C980772268,C1335293935,0,1,1
378,CASH_OUT,179022.03,C1067913269,C586371696,0,1,0
18,PAYMENT,10584.69,C1210738729,M1279718636,0,0,0
401,CASH_OUT,57665.87,C740103530,C170122826,0,1,0
345,CASH_OUT,378398.27,C2138739274,C1124667209,0,1,1
161,CASH_IN,243577.33,C30971127,C815783598,0,0,0
331,CASH_IN,227964.54,C2137453797,C820241256,0,0,0
45,CASH_OUT,194637.23,C1296254396,C2059762056,0,1,0
354,CASH_IN,50193.39,C1185420218,C777175483,0,0,0
228,CASH_IN,311867.9,C140489053,C227349711,0,0,0
381,CASH_OUT,348716.71,C81250509,C1308219868,0,1,1
140,PAYMENT,254.04,C1413940479,M1341110331,0,0,0
374,CASH_IN,340621.48,C2127678692,C29451098,0,0,0
236,PAYMENT,4431.9,C1803347111,M1517547577,0,0,0
406,PAYMENT,8727.89,C680729381,M390021943,0,0,0
255,TRANSFER,1015527.19,C2074766004,C577434247,0,1,0
161,PAYMENT,37871.78,C1341256796,M116974245,0,0,1
670,PAYMENT,6503.16,C838162043,M1172530160,0,0,0
373,PAYMENT,80597.15,C1203708620,M763680711,0,0,0
182,CASH_OUT,74760.65,C601554432,C914201866,0,1,1
281,CASH_OUT,308173.64,C1318404350,C326846,0,1,0
353,CASH_OUT,95172.28,C1697780246,C1739263553,0,1,0
349,CASH_OUT,223811.3,C691065771,C1446632765,0,1,1
305,CASH_OUT,12264.78,C824415700,C991359488,0,1,0
43,PAYMENT,4404.58,C1902963975,M1445347545,0,0,0
38,PAYMENT,11843.67,C1888562679,M813540953,0,0,0
400,PAYMENT,138.7,C192520377,M1938503126,0,0,0
186,PAYMENT,851.36,C1376519810,M831283160,0,0,0
187,PAYMENT,10249.22,C710136713,M1866606430,0,0,1
277,CASH_IN,103686.82,C1801363188,C2001083801,0,0,0
182,CASH_OUT,107204.18,C2073739715,C309492431,0,1,1
234,CASH_IN,70339.12,C1654309842,C1667260675,0,0,0
10,PAYMENT,25861.17,C480230089,M629677077,0,0,0
252,CASH_OUT,138114.86,C2062827775,C42819529,0,1,1
325,TRANSFER,806413.8,C191508080,C800521389,0,1,1
162,CASH_IN,5592.98,C1775237946,C1722242429,0,0,0
333,PAYMENT,6831.81,C359907490,M870719266,0,0,0
382,CASH_OUT,126584.2,C1200203022,C59873654,0,1,1
202,CASH_OUT,23390.26,C1961537805,C1336807796,0,1,1
400,CASH_OUT,373262.61,C1748952570,C389486031,0,1,0
345,PAYMENT,30626.11,C706059749,M1239212434,0,0,0
275,CASH_IN,21330.49,C1216065166,C286696772,0,0,0
253,PAYMENT,25979.23,C1001902112,M1418459205,0,0,0
283,PAYMENT,3903.93,C1683674627,M1567902708,0,0,0
177,CASH_OUT,361138.96,C270714415,C1930764289,0,1,1
330,PAYMENT,29622.68,C1219369414,M1048849086,0,0,1
347,PAYMENT,2932.08,C1505337112,M492136028,0,0,0
379,CASH_IN,13609.18,C253159146,C708999463,0,0,0
323,CASH_OUT,316198.65,C1557759618,C2122667309,0,1,1
258,CASH_OUT,23742.06,C775974870,C838979341,0,1,0
130,CASH_IN,153720.57,C131692213,C1009928796,0,0,0
396,CASH_OUT,218841.31,C1840459421,C1808371163,0,1,0
215,CASH_OUT,335845.98,C1217213546,C130636544,0,1,1
132,CASH_IN,151692.62,C469894121,C605064927,0,0,0
187,PAYMENT,15723.05,C2048594049,M1429030318,0,0,0
325,PAYMENT,3583.97,C1388086650,M1368041020,0,0,0
210,PAYMENT,3129.45,C344284412,M106789602,0,0,0
355,PAYMENT,19650.65,C363570671,M1532524575,0,0,0
300,CASH_IN,261582.62,C369979840,C1286119665,0,0,0
540,CASH_OUT,3707342.38,C633635438,C1640217168,1,1,1
301,PAYMENT,15885.89,C1805864111,M896644066,0,0,0
187,CASH_OUT,95009.27,C1389567797,C269692671,0,1,1
321,TRANSFER,768873.15,C1437040557,C1553821501,0,1,0
132,PAYMENT,7955.18,C1453291302,M410669343,0,0,0
136,CASH_IN,437593.67,C1995173949,C1183140080,0,0,0
41,PAYMENT,6310.34,C1596615887,M1089031782,0,0,1
229,CASH_OUT,20195.56,C196390217,C377494423,0,1,0
502,CASH_OUT,74714.01,C1599807562,C2029865937,0,1,1
204,CASH_OUT,125476.36,C1505444531,C1964945608,0,1,0
44,CASH_IN,295366.32,C407341555,C1973734872,0,0,0
322,PAYMENT,10309.53,C699383133,M1032952895,0,0,0
235,CASH_IN,139318.32,C1397197317,C27776651,0,0,0
185,PAYMENT,26172.53,C184214353,M831753724,0,0,1
259,CASH_OUT,141102.6,C666489716,C1656297741,0,1,0
235,CASH_OUT,188616.53,C206719333,C2002687461,0,1,1
303,CASH_OUT,34549.08,C1944763058,C1348916256,0,1,0
396,CASH_OUT,66752.24,C1420855118,C1967282442,0,1,0
306,PAYMENT,13968.65,C2082591903,M1088076094,0,0,0
138,TRANSFER,163049.44,C100924759,C1259587679,0,1,1
40,CASH_OUT,420101.95,C1834174169,C447242019,0,1,1
43,CASH_OUT,67785.8,C321396545,C205091536,0,1,1
129,PAYMENT,15396.43,C915136883,M2086641410,0,0,0
349,CASH_IN,217869.42,C1454334585,C1277973821,0,0,0
228,PAYMENT,18561.32,C875558351,M187374132,0,0,0
254,CASH_IN,137359.94,C1014350741,C19098956,0,0,0
136,CASH_OUT,31349.21,C360054004,C265164105,0,1,1
187,CASH_OUT,247342.01,C1435666496,C1059597421,0,1,1
184,CASH_IN,253262.94,C1057218141,C1233442332,0,0,0
275,CASH_OUT,141422.41,C362041886,C696504534,0,1,1
34,CASH_OUT,355487.73,C173614192,C364108141,0,1,1
18,CASH_OUT,187477.21,C1454861304,C357066329,0,1,1
155,CASH_OUT,23946.08,C595026279,C1927098200,0,1,1
395,CASH_OUT,75124.55,C279807605,C782421678,0,1,1
188,PAYMENT,8067.71,C1518317912,M1003575931,0,0,0
371,PAYMENT,1043.17,C1423635003,M653911982,0,0,0
158,PAYMENT,2165.55,C810040908,M700317369,0,0,0
231,CASH_OUT,436250.29,C554414602,C563614573,0,1,1
232,PAYMENT,7315.45,C1835713688,M1420991243,0,0,0
375,CASH_OUT,46653.35,C321085968,C1976776908,0,1,1
237,PAYMENT,12423.59,C480911439,M1656494239,0,0,0
33,PAYMENT,11922.78,C63747960,M538539261,0,0,0
300,CASH_OUT,113101.55,C608858171,C1148260735,0,1,1
686,PAYMENT,5842.03,C2116052607,M707702895,0,0,1
396,CASH_OUT,164829.27,C1018576747,C892772789,0,1,1
514,PAYMENT,13107.41,C148727290,M28737063,0,0,0
38,PAYMENT,16358.78,C1630172295,M1360363601,0,0,0
236,CASH_OUT,81754.63,C1754261853,C1062856908,0,1,0
373,CASH_IN,263598.27,C1945670706,C210241572,0,0,0
328,PAYMENT,2901.7,C1660866600,M1439030155,0,0,0
202,PAYMENT,15552.49,C733832098,M2100895065,0,0,0
205,PAYMENT,7635.88,C1923627546,M1674167414,0,0,1
252,CASH_OUT,206079.49,C259274776,C665184131,0,1,1
159,CASH_OUT,377580.17,C530915182,C1775053802,0,1,1
184,CASH_IN,127725.79,C1866300781,C936269406,0,0,0
133,CASH_OUT,283176.89,C152179812,C1147674127,0,1,1
307,PAYMENT,11969.36,C2064832301,M556335863,0,0,0
177,CASH_OUT,258609.69,C1475615297,C508872614,0,1,0
209,TRANSFER,2388943.26,C561226013,C1094303654,0,1,0
231,CASH_OUT,191772.87,C740146516,C1024208640,0,1,0
306,CASH_IN,291865.62,C1526282246,C1183255026,0,0,0
349,PAYMENT,6235.84,C291392902,M950133082,0,0,0
379,PAYMENT,3104.32,C2007450011,M1386229003,0,0,0
349,CASH_OUT,246424.36,C1929901932,C514941085,0,1,0
17,CASH_OUT,160734.11,C309203680,C515826388,0,1,1
95,CASH_OUT,110103.41,C2033289150,C1622048483,0,1,0
182,CASH_OUT,128544.11,C2075146225,C1981317023,0,1,0
379,CASH_IN,253094.11,C145938391,C1194549267,0,0,0
42,CASH_OUT,93530.29,C1926856909,C1360317511,0,1,0
250,CASH_OUT,97239.66,C542955052,C1135158772,0,1,0
327,CASH_IN,250145.11,C830678673,C244684090,0,0,0
281,PAYMENT,281.67,C681641771,M552866001,0,0,0
131,PAYMENT,19632.66,C1762215843,M413362099,0,0,0
41,PAYMENT,13364.54,C1336457105,M228208286,0,0,0
234,PAYMENT,16205.47,C1110567075,M220951463,0,0,1
567,CASH_IN,74139.71,C1784613569,C479278978,0,0,0
260,CASH_OUT,308744.41,C1604613201,C1805919754,0,1,1
253,PAYMENT,8568.05,C391710271,M1806043993,0,0,0
354,CASH_OUT,16711.12,C104286051,C1418447895,0,1,0
153,CASH_IN,32222.67,C2099172577,C1027805183,0,0,0
305,PAYMENT,25303.15,C351183317,M1505969786,0,0,0
403,CASH_OUT,17651.57,C1707279635,C103147780,0,1,0
403,CASH_OUT,76091.56,C1346129579,C1811529395,0,1,1
158,PAYMENT,9821.38,C1552348568,M71305375,0,0,0
159,PAYMENT,18662.81,C1604213549,M282005480,0,0,0
11,CASH_IN,85214.0,C1972060805,C1370787297,0,0,0
397,PAYMENT,18808.3,C1156935284,M1699017322,0,0,1
159,CASH_IN,457328.32,C389738575,C1154311603,0,0,0
396,PAYMENT,8249.99,C98309135,M863452623,0,0,0
352,CASH_IN,92556.98,C989637292,C1059188916,0,0,0
7,CASH_IN,52429.68,C1904553846,C1882860489,0,0,0
159,CASH_IN,55639.15,C1532108319,C817371723,0,0,0
208,TRANSFER,420194.4,C2084653283,C1407951386,0,1,1
259,PAYMENT,11014.05,C394257771,M1997812371,0,0,0
328,PAYMENT,54717.06,C1579183518,M1831094922,0,0,1
137,CASH_OUT,152630.64,C1152748212,C339598347,0,1,0
227,CASH_OUT,399113.84,C806940779,C82415149,0,1,1
252,PAYMENT,5944.09,C1331674102,M341729751,0,0,0
301,CASH_OUT,127030.62,C412556221,C1722606465,0,1,1
154,PAYMENT,9400.44,C1610987645,M1795227374,0,0,0
20,DEBIT,2123.48,C1153203370,C1805225013,0,0,1
373,PAYMENT,18847.72,C1874894113,M1068281101,0,0,1
370,CASH_IN,135505.48,C1795578989,C1358668118,0,0,0
9,CASH_IN,106595.3,C1791077278,C896393489,0,0,0
130,PAYMENT,15325.14,C184367228,M1732957210,0,0,0
406,TRANSFER,326795.55,C1856490708,C711799884,0,1,0
347,TRANSFER,552686.5,C1305353177,C2099688336,0,1,0
253,CASH_IN,91472.21,C2069679760,C2137791402,0,0,0
38,CASH_OUT,282581.38,C1108720384,C1042860192,0,1,1
233,TRANSFER,41544.55,C6083666,C664307447,0,1,0
97,CASH_OUT,6358.97,C1054388472,C1167929062,0,1,0
135,PAYMENT,1506.05,C933041270,M1907939695,0,0,0
332,CASH_OUT,237651.6,C306583484,C2137486004,0,1,0
331,TRANSFER,71530.88,C1521861834,C418240834,0,1,1
136,CASH_IN,82691.35,C697938645,C131328673,0,0,0
301,CASH_OUT,7046.89,C1404859311,C920320373,0,1,0
237,PAYMENT,23551.21,C1000462180,M1561186105,0,0,0
688,PAYMENT,7699.46,C785717044,M1586620758,0,0,0
405,DEBIT,4.49,C1153900712,C1208816064,0,0,0
47,DEBIT,310.46,C236773761,C179343241,0,0,0
377,CASH_OUT,111488.18,C2041340398,C1443913014,0,1,0
35,TRANSFER,241891.82,C1349410772,C1082654231,0,1,0
163,CASH_OUT,181484.08,C513062741,C485163354,0,1,1
136,TRANSFER,2523952.56,C135055876,C1655304321,0,1,1
21,PAYMENT,2486.29,C2071777312,M1645569676,0,0,0
138,PAYMENT,18077.26,C616038209,M849348207,0,0,0
401,CASH_OUT,381571.68,C311756414,C699425848,0,1,1
162,PAYMENT,6648.98,C2039243404,M1749961094,0,0,0
228,CASH_IN,213326.19,C1772715137,C390218556,0,0,0
286,PAYMENT,1825.69,C460235396,M9763041,0,0,1
13,CASH_OUT,36560.96,C1877654244,C329206545,0,1,1
284,PAYMENT,5423.9,C1372648711,M1822237992,0,0,0
356,CASH_OUT,168328.75,C1307614439,C358821985,0,1,1
370,CASH_IN,11957.31,C1235324407,C310115161,0,0,0
396,TRANSFER,1112453.37,C859141504,C371870609,0,1,0
181,PAYMENT,7070.63,C1594608837,M2128704434,0,0,0
349,PAYMENT,31487.51,C2082675860,M797213534,0,0,0
310,TRANSFER,550503.93,C1314113981,C1244174626,0,1,0
205,CASH_OUT,127241.38,C1254346784,C806590326,0,1,1
15,CASH_OUT,390566.72,C433257022,C22323336,0,1,0
282,PAYMENT,13714.72,C256682611,M796855209,0,0,0
357,TRANSFER,2341729.89,C864567129,C225280004,0,1,0
35,CASH_IN,15912.51,C1361857862,C304270648,0,0,0
348,CASH_OUT,60096.44,C357583740,C107492811,0,1,0
400,CASH_OUT,126151.53,C320371088,C765507700,0,1,1
355,CASH_OUT,132491.79,C1344376290,C1060465511,0,1,0
289,CASH_IN,184731.72,C143032470,C843899454,0,0,0
356,CASH_OUT,16604.97,C1336759953,C830452030,0,1,0
43,PAYMENT,6597.39,C458376246,M435415369,0,0,0
182,PAYMENT,5406.66,C659425112,M1652243754,0,0,0
182,PAYMENT,19433.41,C1514385879,M852345085,0,0,0
17,PAYMENT,18337.81,C342974046,M1576525953,0,0,0
14,CASH_IN,12407.83,C705227134,C1297771414,0,0,0
330,CASH_OUT,256698.83,C1311520296,C1911386065,0,1,1
33,CASH_IN,233732.07,C18304459,C186661926,0,0,0
12,CASH_IN,121838.87,C24780382,C1830344508,0,0,0
311,CASH_IN,43777.95,C714511147,C1674116401,0,0,0
177,CASH_IN,331452.39,C1967294961,C169388715,0,0,0
358,PAYMENT,14628.04,C59575784,M1294596466,0,0,0
276,CASH_IN,177936.44,C46021971,C1742467356,0,0,0
383,PAYMENT,9059.61,C535337548,M687823499,0,0,0
323,TRANSFER,6829157.06,C1762709529,C2067090906,0,1,0
372,CASH_IN,36748.26,C364109823,C2004070631,0,0,0
132,CASH_OUT,123294.07,C2065570644,C941267445,0,1,1
229,PAYMENT,21094.89,C339609975,M1549116296,0,0,0
256,CASH_OUT,76927.04,C466234170,C1204916821,0,1,0
400,CASH_IN,17084.58,C2103626768,C1174789075,0,0,0
259,CASH_IN,171222.31,C1321125157,C337759347,0,0,0
237,PAYMENT,7701.91,C61678962,M1181303821,0,0,0
404,PAYMENT,3300.81,C2013724538,M1313749415,0,0,0
10,CASH_OUT,315798.86,C1298471897,C268773810,0,1,1
138,CASH_IN,39293.78,C1884139821,C242704372,0,0,0
214,PAYMENT,32469.11,C1392697574,M1397340192,0,0,0
139,CASH_OUT,157318.65,C1516084493,C1269594796,0,1,1
180,CASH_OUT,352239.74,C1214790582,C1445536563,0,1,1
326,CASH_OUT,228879.96,C1480347174,C169764695,0,1,0
520,CASH_OUT,3228.0,C2095783487,C386725590,0,1,0
21,PAYMENT,3727.77,C202608156,M1752987638,0,0,0
207,CASH_IN,238054.18,C91885581,C90356106,0,0,0
159,CASH_OUT,148535.35,C177643133,C669768079,0,1,1
185,CASH_OUT,65239.93,C1598794822,C642275652,0,1,0
139,CASH_OUT,234593.14,C745460220,C1032959539,0,1,1
331,CASH_IN,235574.6,C1299110449,C826652649,0,0,0
250,CASH_OUT,107819.02,C1743557360,C583054466,0,1,1
686,CASH_OUT,247619.11,C1020143904,C2040802877,0,1,1
34,PAYMENT,21602.63,C1590142647,M605113555,0,0,0
283,CASH_OUT,57742.99,C1883189081,C847817596,0,1,1
164,CASH_IN,48910.87,C1783568670,C108606139,0,0,0
135,CASH_IN,237377.02,C694121006,C1654583020,0,0,0
19,CASH_IN,236706.16,C1216484025,C846165862,0,0,0
155,TRANSFER,682216.24,C58570901,C186951072,0,1,1
522,PAYMENT,16946.08,C517976684,M1541210067,0,0,0
305,CASH_IN,617558.56,C771661625,C1830773846,0,0,0
259,PAYMENT,2875.94,C1013780489,M1876651721,0,0,0
253,CASH_OUT,44186.82,C2054420929,C1003703444,0,1,0
11,PAYMENT,5195.05,C1388676413,M45255404,0,0,0
334,DEBIT,11492.55,C1038132718,C864609718,0,0,0
305,CASH_OUT,162751.28,C1072875962,C830094069,0,1,1
280,CASH_IN,252169.46,C1371313756,C267810481,0,0,0
94,CASH_IN,102989.03,C1226327580,C578317080,0,0,0
131,CASH_IN,98950.83,C717329404,C968688910,0,0,0
329,CASH_IN,47006.69,C1987217627,C2038827343,0,0,0
40,PAYMENT,1489.22,C8099173,M1179599229,0,0,0
405,PAYMENT,5664.68,C261370101,M1741916491,0,0,0
353,PAYMENT,5226.21,C326797195,M687448048,0,0,0
19,CASH_IN,94794.08,C1117884688,C225435112,0,0,0
119,CASH_IN,119051.67,C609601429,C704950795,0,0,0
393,CASH_OUT,41790.18,C420131754,C754599244,0,1,1
40,CASH_IN,159342.16,C1075165516,C1432781880,0,0,0
15,PAYMENT,24353.87,C1444376578,M1533896531,0,0,0
13,CASH_IN,472203.36,C538152231,C351716642,0,0,0
377,CASH_IN,27960.35,C1862583385,C1353426429,0,0,0
37,TRANSFER,188867.9,C1695809901,C1726228995,0,1,0
322,PAYMENT,14732.53,C94585425,M495893092,0,0,0
162,CASH_IN,219143.83,C683833350,C866223001,0,0,0
396,CASH_OUT,261635.18,C793522876,C1904462437,0,1,0
206,TRANSFER,269529.53,C1538069797,C224030956,0,1,0
161,CASH_OUT,77857.04,C451022487,C1006945070,0,1,1
402,PAYMENT,28422.09,C558849125,M1098874391,0,0,0
278,CASH_OUT,58697.17,C1143064059,C2049226679,0,1,1
394,PAYMENT,43150.39,C675122753,M1990869274,0,0,0
379,PAYMENT,21533.82,C1374776684,M614538465,0,0,1
161,PAYMENT,14863.83,C55550001,M1740191615,0,0,0
211,CASH_OUT,16603.65,C1203386802,C2101320727,0,1,0
226,TRANSFER,353798.6,C1914263230,C1986390770,0,1,0
188,CASH_OUT,217480.17,C1414140277,C1768635721,0,1,0
163,CASH_OUT,16712.11,C2071728919,C1179304601,0,1,0
546,PAYMENT,48419.4,C252443099,M873531992,0,0,0
398,PAYMENT,5402.5,C1818816304,M925286996,0,0,1
15,CASH_OUT,64573.7,C1276519211,C721290614,0,1,0
524,CASH_OUT,180044.24,C801357505,C958809849,0,1,0
166,PAYMENT,3966.97,C1382868633,M125212466,0,0,0
129,CASH_IN,99100.47,C59595926,C1973224921,0,0,0
204,CASH_IN,181147.67,C520683444,C500582429,0,0,0
163,TRANSFER,311391.89,C1100521378,C915825919,0,1,0
228,CASH_OUT,504762.64,C1811812838,C2067809370,0,1,1
544,PAYMENT,9173.79,C254606839,M1791423919,0,0,0
422,PAYMENT,2195.41,C869082182,M982107434,0,0,0
187,PAYMENT,7845.64,C306069411,M1343032006,0,0,0
159,PAYMENT,13396.55,C18757654,M936501605,0,0,0
119,PAYMENT,524.26,C942548457,M740368281,0,0,0
43,CASH_OUT,49604.87,C251934321,C495974379,0,1,0
131,PAYMENT,11028.27,C1759528548,M1511367903,0,0,0
300,CASH_OUT,100203.1,C1505465708,C93307438,0,1,0
8,PAYMENT,2362.96,C379351559,M845618138,0,0,0
301,TRANSFER,10189810.91,C47060392,C728526866,0,1,0
10,CASH_OUT,534528.56,C1853219466,C957388291,0,1,0
234,PAYMENT,12712.36,C1651005638,M117060551,0,0,0
139,CASH_OUT,224842.54,C1074051712,C240791931,0,1,1
130,CASH_OUT,590936.31,C733393705,C596060158,0,1,1
205,CASH_OUT,237915.71,C1261357443,C1437542573,0,1,0
396,CASH_OUT,140699.27,C1590141256,C1110820621,0,1,0
187,CASH_OUT,379841.36,C804105385,C1833636394,0,1,1
212,CASH_OUT,65585.08,C1362841622,C1143029876,0,1,1
347,CASH_OUT,264932.47,C443540997,C342364483,0,1,1
47,PAYMENT,5713.56,C1247903191,M966034864,0,0,0
257,CASH_OUT,112976.65,C899554097,C1916265996,0,1,1
237,PAYMENT,3431.25,C1907884137,M1024130082,0,0,0
287,CASH_OUT,246826.1,C1626217012,C1022132100,0,1,0
232,CASH_OUT,431310.87,C390380396,C1177159452,0,1,1
259,PAYMENT,10657.34,C1583310146,M329578107,0,0,0
189,CASH_OUT,167595.83,C617338845,C399165662,0,1,1
227,CASH_OUT,68545.66,C1252361583,C938725515,0,1,1
235,CASH_IN,194010.4,C34075526,C728830137,0,0,0
395,CASH_IN,396822.55,C485661105,C616677086,0,0,0
321,CASH_IN,128706.67,C1013779131,C1149042916,0,0,0
132,CASH_IN,373109.95,C1357912088,C97437406,0,0,0
161,TRANSFER,103030.25,C1737536087,C225623977,0,1,1
43,CASH_IN,124670.41,C1241390699,C1167618867,0,0,0
236,CASH_OUT,104312.59,C1365151142,C1500347103,0,1,0
518,PAYMENT,2869.24,C135995455,M1223886350,0,0,0
300,CASH_OUT,119484.62,C201778832,C2109875496,0,1,0
185,PAYMENT,6028.62,C1293589387,M93561155,0,0,0
208,PAYMENT,10151.15,C1890975338,M708043757,0,0,1
306,CASH_OUT,67388.97,C362176484,C1854458201,0,1,0
399,CASH_IN,69384.3,C1213547350,C556762866,0,0,0
129,PAYMENT,35190.99,C421618279,M1844158781,0,0,0
297,PAYMENT,13797.98,C1541969900,M949365791,0,0,0
210,CASH_OUT,231286.29,C1229518421,C897512132,0,1,0
524,TRANSFER,279010.32,C1170262181,C1981541729,0,1,0
330,PAYMENT,18679.51,C1889494168,M1765267092,0,0,0
227,TRANSFER,686398.98,C80791278,C839924084,0,1,0
